Month,Temp
1,19.815000000000012
2,20.886666666666667
3,22.31666666666667
4,25.475
5,27.00250000000002
6,27.293333333333344
7,27.223333333333354
8,27.010833333333334
9,26.255000000000006
10,24.775833333333328
11,22.803333333333335
12,20.710833333333326
